<?xml version="1.0" encoding="UTF-8"?>
<!DOCTYPE mapper PUBLIC "-//mybatis.org//DTD Mapper 3.0//EN"
        "http://mybatis.org/dtd/mybatis-3-mapper.dtd">
<mapper  namespace="cn.hnust.dao.CartMapper">
    <resultMap type="cn.hnust.domain.Cart" id="baseResult">
        <id column="id" property="id"/>
        <result column="bid" property="bid"/>
        <result column="count" property="count"/>
        <result column="create_time" property="createTime"/>
        <result column="total_price" property="totalPrice"/>
        <result column="uid" property="uid"/>
    </resultMap>
    <select id="query" parameterType="map" resultMap="baseResult">
        SELECT * FROM cart c WHERE 1=1
        <include refid="queryCondition"></include>
        <if test="orderBy !=null and orderBy !=''">
            order by ${orderBy}
        </if>
    </select>
    <select id="queryCount" parameterType="map" resultType="int">
        SELECT COUNT(*) FROM cart c WHERE 1=1
        <include refid="queryCondition"></include>
        <if test="orderBy !=null and orderBy !=''">
            order by ${orderBy}
        </if>
    </select>
    <sql id="queryCondition">
        <if test="mapper !=null">
            <if test="mapper.bid !=null and mapper.bid !=''">
                AND c.name like #{mapper.bid}
            </if>
             <if test="mapper.uid !=null and mapper.uid !=''">
                AND c.uid = #{mapper.uid}
            </if>
        </if>
    </sql>
     <insert id="insert" parameterType="cn.hnust.domain.Cart">
        insert into cart
        <trim prefix="(" suffix=")" suffixOverrides="," >
            <if test="id != null and id !=''" >
                id,
            </if>
            <if test="bid != null and bid !=''" >
                bid,
            </if>
              <if test="count != null and count !=''" >
                count,
            </if>
              <if test="createTime != null and createTime !=''" >
                create_time,
            </if>
             <if test="totalPrice != null and totalPrice !=''" >
                total_price,
            </if>
             <if test="uid != null and uid !=''" >
                uid,
            </if>
        </trim>
        <trim prefix="values (" suffix=")" suffixOverrides="," >
             <if test="id != null and id !=''" >
                #{id},
            </if>
            <if test="bid != null and bid !=''" >
                #{bid},
            </if>
            <if test="count != null and count !=''" >
                #{count},
            </if>
            <if test="createTime != null and createTime !=''" >
                #{createTime},
            </if>
            <if test="totalPrice != null and totalPrice !=''" >
                #{totalPrice},
            </if>
            <if test="uid != null and uid !=''" >
                #{uid},
            </if>
        </trim>
    </insert>
    <delete id="deleteById" parameterType="java.lang.String">
        DELETE FROM cart where id=#{id}
    </delete>
    <delete id="deleteByUid" parameterType="java.lang.String">
        DELETE FROM cart where uid=#{uid}
    </delete>
    <select id="statistics" parameterType="java.lang.String" resultType="map">
        SELECT COUNT(*) AS `count`,SUM(CAST(total_price AS DECIMAL(9,1))*COUNT) AS totalmoney  FROM cart c WHERE c.uid=#{username};
    </select>
    <update id="update" parameterType="cn.hnust.domain.Cart">
        UPDATE cart 
        <set>
            <if test="bid !=null and bid !=''">
                bid=#{bid},
            </if>
            <if test="count !=null and count !=''">
                count=#{count},
            </if>
            <if test="totalPrice !=null and totalPrice !=''">
                total_price=#{totalPrice},
            </if>
            <if test="uid !=null and uid !=''">
                uid=#{uid},
            </if>
        </set>
        WHERE id=#{id}
    </update>
    <delete id="removeByUId" parameterType="java.lang.String">
        DELETE FROM cart where uid=#{uid}
    </delete>
</mapper>